brand,item_category,item_img,item_name,item_num,item_price
TRAVEL,바지,https://image.msscdn.net/images/goods_img/20230801/3440122/3440122_16928444071876_500.jpg,밀 데님 리벳 벌룬 팬츠 블랙,TRTHAWDP11UC6,"119,000원 79,900원"
TRAVEL,아우터,https://image.msscdn.net/images/goods_img/20230801/3440118/3440118_16928412837984_500.jpg,[SET]파이핑 콤비네이션 트레이닝 셋업 브라운,SET31UR8,"188,000원 112,900원"
TRAVEL,아우터,https://image.msscdn.net/images/goods_img/20230801/3440116/3440116_16928413353735_500.jpg,[SET]파이핑 콤비네이션 트레이닝 셋업 포그 블루,SET31UB6,"188,000원 112,900원"
TRAVEL,아우터,https://image.msscdn.net/images/goods_img/20230801/3440115/3440115_16928413496310_500.jpg,[SET]파이핑 콤비네이션 트레이닝 셋업 블랙,SET31UC6,"188,000원 112,900원"
TRAVEL,아우터,https://image.msscdn.net/images/goods_img/20230801/3440093/3440093_16928490008118_500.jpg,파이핑 콤비네이션 윈드 브레이커 브라운,TRTHAWWB31U,"99,000원 69,900원"
TRAVEL,아우터,https://image.msscdn.net/images/goods_img/20230801/3440092/3440092_16928490097262_500.jpg,파이핑 콤비네이션 윈드 브레이커 포그 블루,TRTHAWWB31UB6,"99,000원 69,900원"
TRAVEL,아우터,https://image.msscdn.net/images/goods_img/20230801/3440091/3440091_16928490050832_500.jpg,파이핑 콤비네이션 윈드 브레이커 블랙,TRTHAWWB31UC6,"99,000원 69,900원"
TRAVEL,바지,https://image.msscdn.net/images/goods_img/20230801/3440082/3440082_16928490146472_500.jpg,파이핑 콤비네이션 팬츠 브라운,TRTHAWNP31UR8,"89,000원 59,900원"
TRAVEL,바지,https://image.msscdn.net/images/goods_img/20230801/3440081/3440081_16928490263390_500.jpg,파이핑 콤비네이션 팬츠 포그 블루,TRTHAWNP31UB6,"89,000원 59,900원"
TRAVEL,바지,https://image.msscdn.net/images/goods_img/20230801/3440080/3440080_16928490197089_500.jpg,파이핑 콤비네이션 팬츠 블랙,TRTHAWNP31UC6,"89,000원 59,900원"
TRAVEL,가방,https://image.msscdn.net/images/goods_img/20230801/3439680/3439680_16928412237800_500.jpg,메쉬 스트링 슬링백,TRTHAWBG13UC6,"129,000원 69,900원"
TRAVEL,아우터,https://image.msscdn.net/images/goods_img/20230801/3439656/3439656_16928482764254_500.jpg,로우 엣지 데님 집업 자켓 인디고,TRTHAAZJ03UB3,"99,000원 69,900원"
TRAVEL,아우터,https://image.msscdn.net/images/goods_img/20230801/3439655/3439655_16928482803508_500.jpg,로우 엣지 데님 집업 자켓 차콜,TRTHAAZJ03UC5,"99,000원 69,900원"
TRAVEL,상의,https://image.msscdn.net/images/goods_img/20230801/3439610/3439610_16928482299430_500.jpg,[SET]데님 워싱 트레이닝 셋업 인디고,SET01UB3,"158,000원 89,900원"
TRAVEL,상의,https://image.msscdn.net/images/goods_img/20230801/3439607/3439607_16928482252262_500.jpg,[SET]데님 워싱 트레이닝 셋업 차콜,SET01UC5,"158,000원 89,900원"
TRAVEL,상의,https://image.msscdn.net/images/goods_img/20230801/3439588/3439588_16939918104556_500.jpg,데님 워싱 후드티 인디고,TRTHAADH01UB3,"79,000원 52,900원"
TRAVEL,상의,https://image.msscdn.net/images/goods_img/20230801/3439587/3439587_16939918291053_500.jpg,데님 워싱 후드티 차콜,TRTHAADH01UC5,"79,000원 52,900원"
TRAVEL,아우터,https://image.msscdn.net/images/goods_img/20230801/3439576/3439576_16939918470212_500.jpg,데님 워싱 후드 집업 인디고,TRTHAADZ01UB3,"89,000원 57,900원"
TRAVEL,아우터,https://image.msscdn.net/images/goods_img/20230801/3439575/3439575_16939918609291_500.jpg,데님 워싱 후드 집업 차콜,TRTHAADZ01UC5,"89,000원 57,900원"
TRAVEL,바지,https://image.msscdn.net/images/goods_img/20230801/3439497/3439497_16928482435850_500.jpg,데님 워싱 조거 팬츠 인디고,TRTHAADP01UB3,"79,000원 52,900원"
TRAVEL,바지,https://image.msscdn.net/images/goods_img/20230801/3439496/3439496_16928482482110_500.jpg,데님 워싱 조거 팬츠 차콜,TRTHAADP01UC5,"79,000원 52,900원"
TRAVEL,바지,https://image.msscdn.net/images/goods_img/20230801/3439463/3439463_16928482346979_500.jpg,그라데이션 데님 워싱 테리 팬츠 블랙,TRTHAADP13U,"89,000원 49,900원"
TRAVEL,바지,https://image.msscdn.net/images/goods_img/20230801/3439462/3439462_16928482390760_500.jpg,글린트 데님 워싱 테리 팬츠 인디고,TRTHAADP14U,"89,000원 49,900원"
TRAVEL,바지,https://image.msscdn.net/images/goods_img/20230801/3439460/3439460_16928488243000_500.jpg,엠브로이더리 데님 워싱 테리 팬츠 인디고,TRTHAADP15U,"89,000원 49,900원"
TRAVEL,바지,https://image.msscdn.net/images/goods_img/20230801/3439458/3439458_16928482722755_500.jpg,로우 엣지 데님 워싱 테리 팬츠 라이트 블루,TRTHAADP16U,"89,000원 49,900원"
TRAVEL,스커트,https://image.msscdn.net/images/goods_img/20230801/3439397/3439397_16928489969925_500.jpg,카고 데님 맥시 스웨트 스커트 라이트 블루,TRTHAASK02WB3,"99,000원 49,900원"
TRAVEL,스커트,https://image.msscdn.net/images/goods_img/20230801/3439396/3439396_16928489931544_500.jpg,카고 데님 맥시 스웨트 스커트 다크 블루,TRTHAASK02WB5,"99,000원 49,900원"
TRAVEL,아우터,https://image.msscdn.net/images/goods_img/20230801/3439251/3439251_16928484637996_500.jpg,로우 엣지 피그먼트 후드 집업 자켓 스카이 그레이,TRTHAAHZ12UC9,"109,000원 74,900원"
TRAVEL,아우터,https://image.msscdn.net/images/goods_img/20230801/3439248/3439248_16928484600186_500.jpg,로우 엣지 피그먼트 후드 집업 자켓 블랙 차콜,TRTHAAHZ12UC5,"109,000원 74,900원"
TRAVEL,아우터,https://image.msscdn.net/images/goods_img/20230801/3439206/3439206_16928484935096_500.jpg,스미스 피그먼트 후드 집업 자켓 스카이 그레이,TRTHAAHZ13UC9,"109,000원 74,900원"
TRAVEL,아우터,https://image.msscdn.net/images/goods_img/20230801/3439205/3439205_16928484983153_500.jpg,스미스 피그먼트 후드 집업 자켓 클로버 핑크,TRTHAAHZ13UP3,"109,000원 74,900원"
TRAVEL,아우터,https://image.msscdn.net/images/goods_img/20230801/3439199/3439199_16928484887434_500.jpg,스미스 피그먼트 후드 집업 자켓 블랙 차콜,TRTHAAHZ13UC5,"109,000원 74,900원"
TRAVEL,아우터,https://image.msscdn.net/images/goods_img/20230801/3439173/3439173_16928388271958_500.jpg,모어 라이닝 후드 집업 자켓 마젠타,TRTHAAHZ15UV5,"99,000원 69,900원"
TRAVEL,아우터,https://image.msscdn.net/images/goods_img/20230801/3439172/3439172_16928388578906_500.jpg,모어 라이닝 후드 집업 자켓 다크 차콜,TRTHAAHZ15UC5,"99,000원 69,900원"
TRAVEL,상의,https://image.msscdn.net/images/goods_img/20230801/3439146/3439146_16928484755823_500.jpg,브이라인 립 피그먼트 집업 자켓 스카이 그레이,TRTHAAZJ04UC9,"109,000원 74,900원"
TRAVEL,상의,https://image.msscdn.net/images/goods_img/20230801/3439143/3439143_16928484717335_500.jpg,브이라인 립 피그먼트 집업 자켓 블랙 차콜,TRTHAAZJ04UC5,"109,000원 74,900원"
TRAVEL,아우터,https://image.msscdn.net/images/goods_img/20230801/3439045/3439045_16915814273253_500.jpg,워크샵 모어 라이닝 아노락 오프 화이트,TRTHAWAK03UI2,"79,000원 59,900원"
TRAVEL,아우터,https://image.msscdn.net/images/goods_img/20230801/3439043/3439043_16915814407025_500.jpg,워크샵 모어 라이닝 아노락 포그 블루,TRTHAWAK03UB6,"79,000원 59,900원"
TRAVEL,아우터,https://image.msscdn.net/images/goods_img/20230801/3439041/3439041_16915814128773_500.jpg,워크샵 모어 라이닝 아노락 바이올렛 핑크,TRTHAWAK03UV5,"79,000원 59,900원"
TRAVEL,아우터,https://image.msscdn.net/images/goods_img/20230801/3439040/3439040_16915688252199_500.jpg,워크샵 모어 라이닝 아노락 블랙,TRTHAWAK03UC6,"79,000원 59,900원"
TRAVEL,바지,https://image.msscdn.net/images/goods_img/20230801/3438998/3438998_16915688042923_500.jpg,워크샵 나일론 벌룬 팬츠 그레이,TRTTAWNP01WC4,"69,000원 49,900원"
TRAVEL,바지,https://image.msscdn.net/images/goods_img/20230801/3438995/3438995_16915688148747_500.jpg,워크샵 나일론 벌룬 팬츠 콘플라워,TRTTAWNP01WB8,"69,000원 49,900원"
TRAVEL,바지,https://image.msscdn.net/images/goods_img/20230801/3438994/3438994_16915689019548_500.jpg,워크샵 나일론 벌룬 팬츠 퍼플,TRTTAWNP01WV1,"69,000원 49,900원"
TRAVEL,바지,https://image.msscdn.net/images/goods_img/20230801/3438991/3438991_16915688100891_500.jpg,워크샵 나일론 벌룬 팬츠 블랙,TRTTAWNP01WC6,"69,000원 49,900원"
TRAVEL,바지,https://image.msscdn.net/images/goods_img/20230801/3438786/3438786_16915685291789_500.jpg,스켈레톤 나일론 팬츠 그레이,TRTHAWNP16UC4,"89,000원 59,900원"
TRAVEL,바지,https://image.msscdn.net/images/goods_img/20230801/3438783/3438783_16915685339955_500.jpg,스켈레톤 나일론 팬츠 마젠타,TRTHAWNP16UV5,"89,000원 59,900원"
TRAVEL,바지,https://image.msscdn.net/images/goods_img/20230801/3438778/3438778_16915813770354_500.jpg,스켈레톤 나일론 팬츠 블랙,TRTHAWNP16UC6,"89,000원 59,900원"
TRAVEL,바지,https://image.msscdn.net/images/goods_img/20230801/3438753/3438753_16915813389317_500.jpg,셔링 벌룬 팬츠 오프 화이트,TRTHAWNP17UI2,"109,000원 54,900원"
TRAVEL,바지,https://image.msscdn.net/images/goods_img/20230801/3438752/3438752_16915685128827_500.jpg,셔링 벌룬 팬츠 바이올렛 핑크,TRTHAWNP17UP7,"109,000원 54,900원"
TRAVEL,바지,https://image.msscdn.net/images/goods_img/20230801/3438698/3438698_16915687998164_500.jpg,스티치 파라슈트 팬츠 코랄 핑크,TRTHAWNP18UP5,"109,000원 50,900원"
TRAVEL,바지,https://image.msscdn.net/images/goods_img/20230801/3438697/3438697_16915814001015_500.jpg,스티치 파라슈트 팬츠 블루 섀도우,TRTHAWNP18UB4,"109,000원 50,900원"
TRAVEL,바지,https://image.msscdn.net/images/goods_img/20230801/3438695/3438695_16915747417431_500.jpg,스티치 파라슈트 팬츠 차콜,TRTHAWNP18UC5,"109,000원 50,900원"
TRAVEL,아우터,https://image.msscdn.net/images/goods_img/20230801/3438372/3438372_16915690002656_500.jpg,[SET]라인 테이프 트레이닝 셋업 사파이어 블루,SET03UB5,"168,000원 99,000원"
TRAVEL,아우터,https://image.msscdn.net/images/goods_img/20230801/3438369/3438369_16915689909534_500.jpg,[SET]라인 테이프 트레이닝 셋업 그린,SET03UG1,"168,000원 99,000원"
TRAVEL,아우터,https://image.msscdn.net/images/goods_img/20230801/3438366/3438366_16915689959410_500.jpg,[SET]라인 테이프 트레이닝 셋업 블랙,SET03UC6,"168,000원 99,000원"
TRAVEL,아우터,https://image.msscdn.net/images/goods_img/20230801/3438312/3438312_16915684934064_500.jpg,라인 테이프 집업 자켓 사파이어 블루,TRTHAWNZ03UB5,"89,000원 59,900원"
TRAVEL,아우터,https://image.msscdn.net/images/goods_img/20230801/3438311/3438311_16915814720866_500.jpg,라인 테이프 집업 자켓 와인,TRTHAWNZ03UV9,"89,000원 59,900원"
TRAVEL,아우터,https://image.msscdn.net/images/goods_img/20230801/3438309/3438309_16915684803657_500.jpg,라인 테이프 집업 자켓 그린,TRTHAWNZ03UG1,"89,000원 59,900원"
TRAVEL,아우터,https://image.msscdn.net/images/goods_img/20230801/3438308/3438308_16915684868335_500.jpg,라인 테이프 집업 자켓 블랙,TRTHAWNZ03UC6,"89,000원 59,900원"
TRAVEL,바지,https://image.msscdn.net/images/goods_img/20230801/3437915/3437915_16915684707151_500.jpg,라인 테이프 다트 팬츠 사파이어 블루,TRTHAWNP03UB5,"79,000원 54,900원"
TRAVEL,바지,https://image.msscdn.net/images/goods_img/20230801/3437902/3437902_16915684755409_500.jpg,라인 테이프 다트 팬츠 와인,TRTHAWNP03UV9,"79,000원 54,900원"
TRAVEL,바지,https://image.msscdn.net/images/goods_img/20230801/3437899/3437899_16915684585196_500.jpg,라인 테이프 다트 팬츠 그린,TRTHAWNP03UG1,"79,000원 54,900원"
TRAVEL,바지,https://image.msscdn.net/images/goods_img/20230801/3437897/3437897_16915684644046_500.jpg,라인 테이프 다트 팬츠 블랙,TRTHAWNP03UC6,"79,000원 54,900원"
TRAVEL,상의,https://image.msscdn.net/images/goods_img/20230801/3437837/3437837_16915690280302_500.jpg,워크샵 콤비네이션 래글런 롱 슬리브 화이트,TRTHAWRL90UC2,"49,000원 35,900원"
TRAVEL,상의,https://image.msscdn.net/images/goods_img/20230801/3437834/3437834_16915690495736_500.jpg,워크샵 콤비네이션 래글런 롱 슬리브 스카이 블루,TRTHAWRL90UB3,"49,000원 35,900원"
TRAVEL,상의,https://image.msscdn.net/images/goods_img/20230801/3437833/3437833_16915690896804_500.jpg,워크샵 콤비네이션 래글런 롱 슬리브 핑크,TRTHAWRL90UP1,"49,000원 35,900원"
TRAVEL,상의,https://image.msscdn.net/images/goods_img/20230801/3437830/3437830_16915691018148_500.jpg,워크샵 콤비네이션 래글런 롱 슬리브 차콜,TRTHAWRL90UC5,"49,000원 35,900원"
TRAVEL,상의,https://image.msscdn.net/images/goods_img/20230801/3437800/3437800_16915693813370_500.jpg,워크샵 유니폼 라인 래글런 롱 슬리브 화이트,TRTHAWRL94UC2,"49,000원 35,900원"
TRAVEL,상의,https://image.msscdn.net/images/goods_img/20230801/3437799/3437799_16915694208182_500.jpg,워크샵 유니폼 라인 래글런 롱 슬리브 옐로우 그린,TRTHAWRL94UY4,"49,000원 35,900원"
TRAVEL,상의,https://image.msscdn.net/images/goods_img/20230801/3437795/3437795_16915695314180_500.jpg,워크샵 유니폼 라인 래글런 롱 슬리브 라이트 블루,TRTHAWRL94UB3,"49,000원 35,900원"
TRAVEL,상의,https://image.msscdn.net/images/goods_img/20230801/3437793/3437793_16915696006955_500.jpg,워크샵 유니폼 라인 래글런 롱 슬리브 와인,TRTHAWRL94UV9,"49,000원 35,900원"
TRAVEL,상의,https://image.msscdn.net/images/goods_img/20230801/3437792/3437792_16915696117207_500.jpg,워크샵 유니폼 라인 래글런 롱 슬리브 블랙,TRTHAWRL94UC6,"49,000원 35,900원"
TRAVEL,상의,https://image.msscdn.net/images/goods_img/20230801/3437747/3437747_16915696243367_500.jpg,콜라주 프린티드 피그먼트 스웨트셔츠 크림,TRTHAACR57UI4,"69,000원 49,900원"
TRAVEL,상의,https://image.msscdn.net/images/goods_img/20230801/3437745/3437745_16915696576270_500.jpg,콜라주 프린티드 피그먼트 스웨트셔츠 고스트 그레이,TRTHAACR57UC9,"69,000원 49,900원"
TRAVEL,상의,https://image.msscdn.net/images/goods_img/20230801/3437743/3437743_16915696763624_500.jpg,콜라주 프린티드 피그먼트 스웨트셔츠 블랙 차콜,TRTHAACR57UC5,"69,000원 49,900원"
TRAVEL,상의,https://image.msscdn.net/images/goods_img/20230801/3437710/3437710_16915697020498_500.jpg,스켈레톤 피그먼트 후드티 더플 백 카키,TRTHAAHD09UK5,"79,000원 54,900원"
TRAVEL,상의,https://image.msscdn.net/images/goods_img/20230801/3437708/3437708_16915697213146_500.jpg,스켈레톤 피그먼트 후드티 블랙 차콜,TRTHAAHD09UC5,"79,000원 54,900원"
TRAVEL,상의,https://image.msscdn.net/images/goods_img/20230801/3437678/3437678_16915697356387_500.jpg,스탠실 피그먼트 후드티 고스트 그레이,TRTHAAHD55UC9,"79,000원 54,900원"
TRAVEL,상의,https://image.msscdn.net/images/goods_img/20230801/3437676/3437676_16915697511842_500.jpg,스탠실 피그먼트 후드티 블랙 차콜,TRTHAAHD55UC5,"79,000원 54,900원"
TRAVEL,상의,https://image.msscdn.net/images/goods_img/20230801/3437652/3437652_16915697734910_500.jpg,조디악 피그먼트 후드티 블루 섀도우,TRTHAAHD56UB4,"79,000원 54,900원"
TRAVEL,상의,https://image.msscdn.net/images/goods_img/20230801/3437651/3437651_16915697902936_500.jpg,조디악 피그먼트 후드티 블랙 차콜,TRTHAAHD56UC5,"79,000원 54,900원"
TRAVEL,상의,https://image.msscdn.net/images/goods_img/20230801/3437629/3437629_16915698201567_500.jpg,스트레치 피그먼트 후드티 고스트 그레이,TRTHAAHD58UC9,"79,000원 54,900원"
TRAVEL,상의,https://image.msscdn.net/images/goods_img/20230801/3437627/3437627_16915698357642_500.jpg,스트레치 피그먼트 후드티 블랙 차콜,TRTHAAHD58UC5,"79,000원 54,900원"
TRAVEL,상의,https://image.msscdn.net/images/goods_img/20230801/3437586/3437586_16915698506855_500.jpg,플레어 로고 피그먼트 후드티 고스트 그레이,TRTHAAHD59UC9,"79,000원 54,900원"
TRAVEL,상의,https://image.msscdn.net/images/goods_img/20230801/3437583/3437583_16915698774791_500.jpg,플레어 로고 피그먼트 후드티 블랙 차콜,TRTHAAHD59UC5,"79,000원 54,900원"
TRAVEL,상의,https://image.msscdn.net/images/goods_img/20230707/3399787/3399787_16897556898016_500.jpg,리즌 트레일 피그먼트 롱 슬리브 크림,TRTHAWRL41UI4,"56,000원 39,900원"
TRAVEL,상의,https://image.msscdn.net/images/goods_img/20230707/3399786/3399786_16897556741953_500.jpg,리즌 트레일 피그먼트 롱 슬리브 고스트 그레이,TRTHAWRL41UC9,"56,000원 39,900원"
TRAVEL,상의,https://image.msscdn.net/images/goods_img/20230707/3399785/3399785_16897556823212_500.jpg,리즌 트레일 피그먼트 롱 슬리브 베이지,TRTHAWRL41UE1,"56,000원 39,900원"
